[
  {
    "type": "get",
    "url": "/asistencia/historial",
    "title": "Historial de Asistencias alumno/s",
    "version": "1.0.0",
    "name": "getCursos",
    "group": "Asistencia",
    "description": "<p>necesita esta Logueado como Tutor o como alumno.</p>",
    "success": {
      "fields": {
        "Success 200": [
          {
            "group": "Success 200",
            "type": "json",
            "optional": false,
            "field": "todos",
            "description": "<p>los Cursos anidados</p>"
          }
        ]
      },
      "examples": [
        {
          "title": "Success response:",
          "content": "    HTTPS 201 OK\n    {\n\"id\": 2,\n\"nombre\": \"Tarde\",\n\"grados\": [\n {\n   \"id\": 1,\n   \"nombre\": \"Inicial\",\n   \"grupos\": [\n     {\n       \"createdAt\": null,\n       \"updatedAt\": null,\n       \"id\": 2,\n       \"nombre\": \"Kinder\",\n       \"paralelos\": [\n         {\n           \"createdAt\": null,\n           \"updatedAt\": null,\n           \"id\": 1,\n           \"nombre\": \"A\",\n           \"idCurso\": 28\n         },\n         {\n           \"createdAt\": null,\n           \"updatedAt\": null,\n           \"id\": 2,\n           \"nombre\": \"B\",\n           \"idCurso\": 29\n         }\n       ]\n     }\n   ]\n },",
          "type": "json"
        }
      ]
    },
    "filename": "./api/Asistencia.js",
    "groupTitle": "Asistencia"
  },
  {
    "success": {
      "fields": {
        "Success 200": [
          {
            "group": "Success 200",
            "optional": false,
            "field": "varname1",
            "description": "<p>No type.</p>"
          },
          {
            "group": "Success 200",
            "type": "String",
            "optional": false,
            "field": "varname2",
            "description": "<p>With type.</p>"
          }
        ]
      }
    },
    "type": "",
    "url": "",
    "version": "0.0.0",
    "filename": "./doc/main.js",
    "group": "C__Users_oso_Documents_apidoc_colegio_doc_main_js",
    "groupTitle": "C__Users_oso_Documents_apidoc_colegio_doc_main_js",
    "name": ""
  },
  {
    "type": "get",
    "url": "/curso/mostrar_turno/:id",
    "title": "get todos Ordenados",
    "version": "1.0.0",
    "name": "getCursos",
    "group": "Curso",
    "parameter": {
      "fields": {
        "Request body": [
          {
            "group": "Request body",
            "type": "Number",
            "optional": false,
            "field": "id",
            "description": "<p>del turno</p>"
          }
        ]
      }
    },
    "examples": [
      {
        "title": "Example usage:",
        "content": "\n/curso/mostrar_turno/2",
        "type": "js"
      }
    ],
    "success": {
      "fields": {
        "Success 200": [
          {
            "group": "Success 200",
            "type": "json",
            "optional": false,
            "field": "todos",
            "description": "<p>los Cursos anidados</p>"
          }
        ]
      },
      "examples": [
        {
          "title": "Success response:",
          "content": "    HTTPS 201 OK\n    {\n\"id\": 2,\n\"nombre\": \"Tarde\",\n\"grados\": [\n {\n   \"id\": 1,\n   \"nombre\": \"Inicial\",\n   \"grupos\": [\n     {\n       \"createdAt\": null,\n       \"updatedAt\": null,\n       \"id\": 2,\n       \"nombre\": \"Kinder\",\n       \"paralelos\": [\n         {\n           \"createdAt\": null,\n           \"updatedAt\": null,\n           \"id\": 1,\n           \"nombre\": \"A\",\n           \"idCurso\": 28\n         },\n         {\n           \"createdAt\": null,\n           \"updatedAt\": null,\n           \"id\": 2,\n           \"nombre\": \"B\",\n           \"idCurso\": 29\n         }\n       ]\n     }\n   ]\n },",
          "type": "json"
        }
      ]
    },
    "filename": "./api/CursoController.js",
    "groupTitle": "Curso"
  },
  {
    "type": "get",
    "url": "/curso/mostrar_turno/:idTurno",
    "title": "get todos Ordenados",
    "version": "1.0.0",
    "name": "getCursos",
    "group": "Curso",
    "parameter": {
      "fields": {
        "Request body": [
          {
            "group": "Request body",
            "type": "Number",
            "optional": false,
            "field": "id",
            "description": "<p>del turno</p>"
          }
        ]
      }
    },
    "examples": [
      {
        "title": "Example usage:",
        "content": "\n/curso/mostrar_turno/2",
        "type": "js"
      }
    ],
    "success": {
      "fields": {
        "Success 200": [
          {
            "group": "Success 200",
            "type": "json",
            "optional": false,
            "field": "todos",
            "description": "<p>los Cursos anidados</p>"
          }
        ]
      },
      "examples": [
        {
          "title": "Success response:",
          "content": "    HTTPS 201 OK\n    {\n\"id\": 2,\n\"nombre\": \"Tarde\",\n\"grados\": [\n {\n   \"id\": 1,\n   \"nombre\": \"Inicial\",\n   \"grupos\": [\n     {\n       \"createdAt\": null,\n       \"updatedAt\": null,\n       \"id\": 2,\n       \"nombre\": \"Kinder\",\n       \"paralelos\": [\n         {\n           \"createdAt\": null,\n           \"updatedAt\": null,\n           \"id\": 1,\n           \"nombre\": \"A\",\n           \"idCurso\": 28\n         },\n         {\n           \"createdAt\": null,\n           \"updatedAt\": null,\n           \"id\": 2,\n           \"nombre\": \"B\",\n           \"idCurso\": 29\n         }\n       ]\n     }\n   ]\n },",
          "type": "json"
        }
      ]
    },
    "filename": "./api/CursoController.js",
    "groupTitle": "Curso"
  },
  {
    "type": "POST",
    "url": "/dispositivo",
    "title": "Adicionar Dispositivo",
    "version": "1.0.0",
    "name": "adicionar_Dispositivo_2",
    "group": "Dispositivo",
    "parameter": {
      "fields": {
        "Parameter": [
          {
            "group": "Parameter",
            "type": "Number",
            "optional": false,
            "field": "idPersona",
            "description": "<p>id de la persona</p>"
          },
          {
            "group": "Parameter",
            "type": "Number",
            "optional": false,
            "field": "idDispositivo",
            "description": "<p>player id del dispositivo</p>"
          }
        ]
      }
    },
    "examples": [
      {
        "title": "Request-Example:",
        "content": "{\n\t\"idPersona\":1,\n\t\"idDispositivo\":\"acc7ce55-1b0c-4542-91d8-39d86f52e52d\"\n }",
        "type": "json"
      }
    ],
    "success": {
      "fields": {
        "Success 200": [
          {
            "group": "Success 200",
            "type": "json",
            "optional": false,
            "field": "json",
            "description": "<p>adiciono dispositivo</p>"
          }
        ]
      },
      "examples": [
        {
          "title": "Success response:",
          "content": "  HTTPS 200 OK\n {\n\"createdAt\": 1533671591575,\n\"updatedAt\": 1533671591575,\n\"id\": 2,\n\"idDispositivo\": \"acc7ce55-1b0c-4542-91d8-39d86f52e52d\",\n\"idPersona\": {\n    \"createdAt\": 1533504635613,\n    \"updatedAt\": 1533505772744,\n    \"id\": 1,\n    \"email\": \"\",\n    \"identificacion\": \"1-AEA\",\n    \"nombre\": \"Ricarso\",\n    \"img\": \"\",\n    \"paterno\": \"Asin\",\n    \"materno\": \"Ergueta\",\n    \"telefono\": 0,\n    \"celular\": 0,\n    \"cedula\": 0,\n    \"expedido\": \"\",\n    \"fechaNacimiento\": \"0000-00-00\",\n    \"fechaAlta\": \"0000-00-00\",\n    \"sexo\": \"\",\n    \"nro\": \"3\",\n    \"codigoFoto\": \"428\",\n    \"rol\": \"alumno\"\n    }\n}",
          "type": "json"
        }
      ]
    },
    "filename": "./api/dispositivos.js",
    "groupTitle": "Dispositivo"
  },
  {
    "type": "DELETE",
    "url": "/dispositivo/eliminar",
    "title": "Eliminar dispositivo ESECÌFICO",
    "name": "apiName",
    "group": "Dispositivo",
    "parameter": {
      "fields": {
        "Parameter": [
          {
            "group": "Parameter",
            "type": "String",
            "optional": false,
            "field": "idDispositivo",
            "description": "<p>player ID asignado por onesignal</p>"
          }
        ]
      },
      "examples": [
        {
          "title": "Request-Example:",
          "content": "\n {\n\t\"idDispositivo\":\"acc7ce55-1b0c-4542-91d8-39d86f52e52d\"\n  }",
          "type": "json"
        }
      ]
    },
    "success": {
      "fields": {
        "200": [
          {
            "group": "200",
            "type": "type",
            "optional": false,
            "field": "name",
            "description": "<p>description</p>"
          }
        ]
      }
    },
    "version": "0.0.0",
    "filename": "./api/dispositivos.js",
    "groupTitle": "Dispositivo"
  },
  {
    "type": "delete",
    "url": "/api/v1/tasks/:id",
    "title": "Delete a task",
    "version": "1.0.0",
    "name": "Delete",
    "group": "Task",
    "permission": [
      {
        "name": "authenticated user"
      }
    ],
    "parameter": {
      "fields": {
        "Parameter": [
          {
            "group": "Parameter",
            "type": "String",
            "optional": false,
            "field": "id",
            "description": "<p>The task id</p>"
          }
        ]
      }
    },
    "examples": [
      {
        "title": "Example usage:",
        "content": "$http.defaults.headers.common[\"Authorization\"] = token;\n$http.delete(url)\n  .success((res, status) => doSomethingHere())\n  .error((err, status) => doSomethingHere());",
        "type": "js"
      }
    ],
    "success": {
      "fields": {
        "Success 200": [
          {
            "group": "Success 200",
            "type": "String",
            "optional": false,
            "field": "message",
            "description": "<p>Task deleted successfully!</p>"
          }
        ]
      },
      "examples": [
        {
          "title": "Success response:",
          "content": " HTTPS 200 OK\n {\n  \"message\": \"Task deleted successfully!\"\n}",
          "type": "json"
        }
      ]
    },
    "filename": "./api/CursoController.js",
    "groupTitle": "Task"
  },
  {
    "type": "get",
    "url": "/api/v1/tasks",
    "title": "Retrieve all tasks",
    "version": "1.0.0",
    "name": "GetAll",
    "group": "Task",
    "permission": [
      {
        "name": "authenticated user"
      }
    ],
    "examples": [
      {
        "title": "Example usage:",
        "content": "$http.defaults.headers.common[\"Authorization\"] = token;\n$http.get(url)\n  .success((res, status) => doSomethingHere())\n  .error((err, status) => doSomethingHere());",
        "type": "js"
      }
    ],
    "success": {
      "fields": {
        "Success 200": [
          {
            "group": "Success 200",
            "type": "String",
            "optional": false,
            "field": "_id",
            "description": "<p>The task id</p>"
          },
          {
            "group": "Success 200",
            "type": "String",
            "optional": false,
            "field": "name",
            "description": "<p>The task name</p>"
          }
        ]
      },
      "examples": [
        {
          "title": "Success response:",
          "content": "HTTPS 200 OK\n[{\n  \"_id\": \"57e8e94ea06a0c473bac50cc\",\n  \"name\": \"Do the disehs\"\n },\n {\n  \"_id\": \"57e903941ca43a5f0805ba5a\",\n  \"name\": \"Take out the trash\"\n}]",
          "type": "json"
        }
      ]
    },
    "filename": "./api/CursoController.js",
    "groupTitle": "Task"
  },
  {
    "type": "get",
    "url": "/api/v1/tasks/:id",
    "title": "Retrieve a task",
    "version": "1.0.0",
    "name": "GetOne",
    "group": "Task",
    "permission": [
      {
        "name": "authenticated user"
      }
    ],
    "parameter": {
      "fields": {
        "Parameter": [
          {
            "group": "Parameter",
            "type": "String",
            "optional": false,
            "field": "id",
            "description": "<p>The task id</p>"
          }
        ]
      }
    },
    "examples": [
      {
        "title": "Example usage:",
        "content": "$http.defaults.headers.common[\"Authorization\"] = token;\n$http.get(url)\n  .success((res, status) => doSomethingHere())\n  .error((err, status) => doSomethingHere());",
        "type": "js"
      }
    ],
    "success": {
      "fields": {
        "Success 200": [
          {
            "group": "Success 200",
            "type": "String",
            "optional": false,
            "field": "_id",
            "description": "<p>The task id</p>"
          },
          {
            "group": "Success 200",
            "type": "String",
            "optional": false,
            "field": "name",
            "description": "<p>The task name</p>"
          }
        ]
      },
      "examples": [
        {
          "title": "Success response:",
          "content": "HTTPS 200 OK\n{\n   \"_id\": \"57e8e94ea06a0c473bac50cc\",\n   \"name\": \"Do the disehs\",\n   \"__v\": 0\n }",
          "type": "json"
        }
      ]
    },
    "filename": "./api/CursoController.js",
    "groupTitle": "Task"
  },
  {
    "type": "put",
    "url": "/api/v1/tasks/:id",
    "title": "Update a task",
    "version": "1.0.0",
    "name": "Update",
    "group": "Task",
    "permission": [
      {
        "name": "authenticated user"
      }
    ],
    "parameter": {
      "fields": {
        "Parameter": [
          {
            "group": "Parameter",
            "type": "String",
            "optional": false,
            "field": "id",
            "description": "<p>The task id</p>"
          }
        ],
        "Request body": [
          {
            "group": "Request body",
            "type": "String",
            "optional": false,
            "field": "name",
            "description": "<p>The task name</p>"
          }
        ]
      }
    },
    "examples": [
      {
        "title": "Example usage:",
        "content": "const data = {\n  \"name\": \"Run in the park\"\n}\n\n$http.defaults.headers.common[\"Authorization\"] = token;\n$http.put(url, data)\n  .success((res, status) => doSomethingHere())\n  .error((err, status) => doSomethingHere());",
        "type": "js"
      }
    ],
    "success": {
      "fields": {
        "Success 200": [
          {
            "group": "Success 200",
            "type": "String",
            "optional": false,
            "field": "message",
            "description": "<p>Task updated successfully!</p>"
          }
        ]
      },
      "examples": [
        {
          "title": "Success response:",
          "content": " HTTPS 200 OK\n {\n  \"message\": \"Task updated successfully!\"\n}",
          "type": "json"
        }
      ]
    },
    "filename": "./api/CursoController.js",
    "groupTitle": "Task"
  },
  {
    "type": "post",
    "url": "/usuario",
    "title": "Adicionar usuario admin",
    "name": "apiName",
    "group": "Usuario",
    "parameter": {
      "fields": {
        "Parameter": [
          {
            "group": "Parameter",
            "type": "String",
            "optional": false,
            "field": "username",
            "description": "<p>usuario</p>"
          },
          {
            "group": "Parameter",
            "type": "String",
            "optional": false,
            "field": "password",
            "description": "<p>password</p>"
          },
          {
            "group": "Parameter",
            "type": "String",
            "optional": false,
            "field": "rol",
            "description": "<p>usuario</p>"
          }
        ]
      },
      "examples": [
        {
          "title": "Request-Example:",
          "content": "{\n    \"username\" : \"ricardo\",\n     \"password\" : \"123\",\n     \"rol\": \"admin\"\n}",
          "type": "type"
        }
      ]
    },
    "success": {
      "fields": {
        "200": [
          {
            "group": "200",
            "type": "type",
            "optional": false,
            "field": "name",
            "description": "<p>description</p>"
          }
        ]
      },
      "examples": [
        {
          "title": "Success-Response:",
          "content": "{\n\"createdAt\": 1533675683353,\n\"updatedAt\": 1533675683353,\n\"id\": 2,\n\"username\": \"ricardo\",\n\"codigo_qr\": \"\",\n\"rol\": \"admin\",\n\"idPersona\": null\n}",
          "type": "type"
        }
      ]
    },
    "version": "0.0.0",
    "filename": "./api/usuario.js",
    "groupTitle": "Usuario"
  },
  {
    "type": "post",
    "url": "/usuario/cambiarPassword",
    "title": "Cambiar Password usuario",
    "name": "cambiar_password",
    "group": "Usuario",
    "parameter": {
      "fields": {
        "Parameter": [
          {
            "group": "Parameter",
            "type": "String",
            "optional": false,
            "field": "id",
            "description": "<p>id persona</p>"
          },
          {
            "group": "Parameter",
            "type": "String",
            "optional": false,
            "field": "password",
            "description": "<p>nuevo password</p>"
          }
        ]
      },
      "examples": [
        {
          "title": "Request-Example:",
          "content": "{\n    \"id\" : 1,\n     \"password\" : \"nuevoPass\" \n}",
          "type": "type"
        }
      ]
    },
    "success": {
      "fields": {
        "200": [
          {
            "group": "200",
            "type": "type",
            "optional": false,
            "field": "name",
            "description": "<p>description</p>"
          }
        ]
      },
      "examples": [
        {
          "title": "Success-Response:",
          "content": "{\n \"mensaje\": \"cambio de password exitoso\"\n }",
          "type": "type"
        }
      ]
    },
    "version": "0.0.0",
    "filename": "./api/usuario.js",
    "groupTitle": "Usuario"
  }
]
